step,elapsed_sec,sec_per_step,lr,loss
1,28,28.33,1.0e-04,1.397e-01
2,37,18.52,1.0e-04,6.706e-01
3,46,15.35,1.0e-04,9.708e-01
4,55,13.77,1.0e-04,1.084e+00
5,64,12.84,1.0e-04,1.652e+00
6,73,12.22,1.0e-04,7.636e-01
7,82,11.78,1.0e-04,9.452e-01
8,91,11.44,1.0e-04,7.416e-01
9,100,11.21,1.0e-04,3.592e-01
10,110,11.07,1.0e-04,3.370e-01
11,119,10.89,1.0e-04,5.056e-01
12,129,10.76,1.0e-04,8.338e-01
13,138,10.63,1.0e-04,4.266e-01
14,147,10.51,1.0e-04,7.818e-01
15,156,10.42,1.0e-04,3.512e-01
16,165,10.35,1.0e-04,1.270e-01
17,175,10.30,1.0e-04,3.620e-01
18,183,10.21,1.0e-04,2.201e-01
19,192,10.15,1.0e-04,3.052e-01
20,202,10.10,1.0e-04,2.552e-01
21,210,10.03,1.0e-04,2.629e-01
22,219,10.00,1.0e-04,4.106e-01
23,228,9.95,1.0e-04,4.093e-01
24,237,9.91,1.0e-04,3.437e-01
25,247,9.89,1.0e-04,1.133e-01
26,256,9.85,1.0e-04,5.706e-01
27,264,9.80,1.0e-04,3.706e-01
28,273,9.77,1.0e-04,6.313e-01
29,282,9.73,1.0e-04,5.918e-01
30,291,9.70,1.0e-04,2.391e-01
31,299,9.67,1.0e-04,5.716e-01
32,308,9.65,1.0e-04,6.121e-01
33,318,9.64,1.0e-04,4.438e-01
34,326,9.61,1.0e-04,2.260e-01
35,335,9.59,1.0e-04,5.229e-01
36,344,9.58,1.0e-04,3.682e-01
37,353,9.56,1.0e-04,5.279e-01
38,362,9.54,1.0e-04,5.720e-01
39,371,9.53,1.0e-04,3.936e-01
40,380,9.50,1.0e-04,4.525e-01
41,389,9.50,1.0e-04,5.713e-01
42,398,9.49,1.0e-04,2.989e-01
43,407,9.47,1.0e-04,5.103e-01
44,416,9.47,1.0e-04,4.911e-01
45,425,9.46,1.0e-04,5.066e-01
46,434,9.45,1.0e-04,5.374e-01
47,444,9.45,1.0e-04,2.894e-01
48,453,9.44,1.0e-04,5.711e-01
49,461,9.42,1.0e-04,5.325e-01
50,470,9.41,1.0e-04,5.038e-01
51,479,9.40,1.0e-04,5.710e-01
52,487,9.38,1.0e-04,5.238e-01
53,496,9.38,1.0e-04,4.543e-01
54,505,9.37,1.0e-04,4.567e-01
55,515,9.37,1.0e-04,1.379e-01
56,524,9.36,1.0e-04,6.075e-01
57,532,9.35,1.0e-04,1.159e-01
58,542,9.35,1.0e-04,4.993e-01
59,550,9.34,1.0e-04,4.322e-01
60,560,9.33,1.0e-04,4.673e-01
61,569,9.33,1.0e-04,4.540e-01
62,577,9.32,1.0e-04,4.462e-01
63,586,9.31,1.0e-04,3.244e-01
64,595,9.30,1.0e-04,2.993e-01
65,604,9.30,1.0e-04,3.277e-01
66,613,9.30,1.0e-04,5.795e-01
67,622,9.29,1.0e-04,2.009e-01
68,631,9.29,1.0e-04,5.632e-01
69,640,9.29,1.0e-04,4.734e-01
70,649,9.27,1.0e-04,1.907e-01
71,658,9.27,1.0e-04,4.144e-01
72,666,9.26,1.0e-04,4.521e-01
73,676,9.26,1.0e-04,1.098e-01
74,685,9.26,1.0e-04,1.510e-01
75,694,9.26,1.0e-04,3.128e-01
76,703,9.25,1.0e-04,4.896e-01
77,712,9.25,1.0e-04,4.975e-01
78,721,9.25,1.0e-04,1.490e-01
79,729,9.24,1.0e-04,4.925e-01
80,738,9.24,1.0e-04,4.128e-01
81,747,9.23,1.0e-04,1.678e-01
82,756,9.22,1.0e-04,4.080e-01
83,764,9.21,1.0e-04,5.558e-01
84,773,9.21,1.0e-04,4.322e-01
85,782,9.21,1.0e-04,4.104e-01
86,791,9.21,1.0e-04,3.004e-01
87,800,9.20,1.0e-04,3.317e-01
88,809,9.19,1.0e-04,1.563e-01
89,818,9.20,1.0e-04,3.047e-01
90,827,9.19,1.0e-04,1.614e-01
91,836,9.19,1.0e-04,4.033e-01
92,845,9.19,1.0e-04,1.662e-01
93,854,9.19,1.0e-04,3.284e-01
94,863,9.19,1.0e-04,1.655e-01
95,872,9.18,1.0e-04,1.678e-01
96,881,9.19,1.0e-04,3.738e-01
97,890,9.19,1.0e-04,4.415e-01
98,899,9.18,1.0e-04,2.633e-01
99,908,9.17,1.0e-04,2.203e-01
100,917,9.17,1.0e-04,5.634e-01
101,925,9.17,1.0e-04,2.949e-01
102,934,9.16,1.0e-04,3.624e-01
103,943,9.16,1.0e-04,4.132e-01
104,953,9.16,1.0e-04,3.131e-01
105,961,9.16,1.0e-04,1.595e-01
106,970,9.16,1.0e-04,3.438e-01
107,979,9.16,1.0e-04,1.707e-01
108,988,9.15,1.0e-04,4.863e-01
109,997,9.15,1.0e-04,4.364e-01
110,1006,9.15,1.0e-04,2.728e-01
111,1015,9.15,1.0e-04,2.160e-01
112,1024,9.15,1.0e-04,3.711e-01
113,1033,9.14,1.0e-04,4.124e-01
114,1042,9.14,1.0e-04,4.054e-01
115,1050,9.14,1.0e-04,4.568e-01
116,1059,9.13,1.0e-04,1.941e-01
117,1068,9.13,1.0e-04,5.280e-01
118,1077,9.13,1.0e-04,3.468e-01
119,1085,9.12,1.0e-04,3.374e-01
120,1094,9.12,1.0e-04,6.718e-01
121,1103,9.12,1.0e-04,3.207e-01
122,1113,9.12,1.0e-04,1.611e-01
123,1121,9.12,1.0e-04,4.344e-01
124,1130,9.12,1.0e-04,4.042e-01
125,1139,9.12,1.0e-04,3.604e-01
126,1148,9.12,1.0e-04,3.201e-01
127,1157,9.12,1.0e-04,3.845e-01
128,1166,9.12,1.0e-04,1.605e-01
129,1176,9.12,1.0e-04,3.744e-01
130,1184,9.12,1.0e-04,2.295e-01
131,1194,9.12,1.0e-04,3.287e-01
132,1202,9.11,1.0e-04,1.553e-01
133,1211,9.11,1.0e-04,2.115e-01
134,1221,9.12,1.0e-04,4.529e-01
135,1230,9.12,1.0e-04,1.964e-01
136,1238,9.11,1.0e-04,4.536e-01
137,1247,9.11,1.0e-04,4.024e-01
138,1256,9.11,1.0e-04,4.243e-01
139,1266,9.11,1.0e-04,1.620e-01
140,1275,9.11,1.0e-04,2.576e-01
141,1284,9.11,1.0e-04,1.379e-01
142,1293,9.11,1.0e-04,1.356e-01
143,1302,9.11,1.0e-04,2.982e-01
144,1312,9.11,1.0e-04,4.091e-01
145,1321,9.12,1.0e-04,2.794e-01
146,1331,9.12,1.0e-04,1.177e-01
147,1339,9.11,1.0e-04,3.545e-01
148,1349,9.12,1.0e-04,4.647e-01
149,1358,9.12,1.0e-04,4.876e-01
150,1367,9.12,1.0e-04,1.566e-01
151,1376,9.12,1.0e-04,3.618e-01
152,1384,9.11,1.0e-04,2.763e-01
153,1393,9.11,1.0e-04,2.858e-01
154,1402,9.11,1.0e-04,3.035e-01
155,1411,9.11,1.0e-04,1.903e-01
156,1421,9.11,1.0e-04,4.002e-01
157,1430,9.11,1.0e-04,4.686e-01
158,1439,9.11,1.0e-04,1.694e-01
159,1448,9.11,1.0e-04,2.702e-01
160,1457,9.11,1.0e-04,3.692e-01
161,1466,9.11,1.0e-04,3.322e-01
162,1475,9.11,1.0e-04,3.713e-01
163,1484,9.11,1.0e-04,4.492e-01
164,1493,9.10,1.0e-04,1.836e-01
165,1502,9.11,1.0e-04,1.801e-01
166,1511,9.11,1.0e-04,3.363e-01
167,1520,9.11,1.0e-04,2.536e-01
168,1529,9.11,1.0e-04,2.091e-01
169,1538,9.10,1.0e-04,3.790e-01
170,1547,9.10,1.0e-04,1.976e-01
171,1556,9.10,1.0e-04,5.039e-01
172,1565,9.10,1.0e-04,4.405e-01
173,1574,9.10,1.0e-04,4.043e-01
174,1583,9.10,1.0e-04,1.873e-01
175,1592,9.10,1.0e-04,4.553e-01
176,1600,9.10,1.0e-04,2.888e-01
177,1610,9.10,1.0e-04,1.615e-01
178,1619,9.10,1.0e-04,3.756e-01
179,1628,9.10,1.0e-04,2.920e-01
180,1637,9.10,1.0e-04,4.893e-01
181,1646,9.10,1.0e-04,2.015e-01
182,1655,9.09,1.0e-04,1.763e-01
183,1663,9.09,1.0e-04,3.925e-01
184,1672,9.09,1.0e-04,4.820e-01
185,1681,9.09,1.0e-04,1.839e-01
186,1690,9.09,1.0e-04,2.839e-01
187,1699,9.09,1.0e-04,4.431e-01
188,1709,9.09,1.0e-04,3.569e-01
189,1718,9.09,1.0e-04,1.829e-01
190,1727,9.09,1.0e-04,2.086e-01
191,1735,9.09,1.0e-04,2.698e-01
192,1745,9.09,1.0e-04,3.125e-01
193,1754,9.09,1.0e-04,1.486e-01
194,1762,9.09,1.0e-04,1.947e-01
195,1771,9.09,1.0e-04,4.595e-01
196,1780,9.08,1.0e-04,2.898e-01
197,1789,9.08,1.0e-04,2.027e-01
198,1798,9.08,1.0e-04,2.950e-01
199,1807,9.08,1.0e-04,4.194e-01
200,1817,9.09,1.0e-04,3.618e-01
201,1826,9.09,1.0e-04,2.451e-01
202,1835,9.08,1.0e-04,3.658e-01
203,1844,9.08,1.0e-04,1.524e-01
204,1852,9.08,1.0e-04,4.237e-01
205,1861,9.08,1.0e-04,4.482e-01
206,1869,9.08,1.0e-04,4.095e-01
207,1878,9.08,1.0e-04,2.679e-01
208,1887,9.07,1.0e-04,2.582e-01
209,1896,9.07,1.0e-04,3.009e-01
210,1905,9.07,1.0e-04,1.767e-01
211,1914,9.07,1.0e-04,3.195e-01
212,1923,9.07,1.0e-04,3.559e-01
213,1932,9.07,1.0e-04,1.073e-01
214,1942,9.08,1.0e-04,1.463e-01
215,1950,9.07,1.0e-04,4.119e-01
216,1960,9.07,1.0e-04,3.269e-01
217,1969,9.08,1.0e-04,1.067e-01
218,1978,9.08,1.0e-04,2.795e-01
219,1987,9.07,1.0e-04,1.454e-01
220,1996,9.07,1.0e-04,1.477e-01
221,2005,9.07,1.0e-04,1.661e-01
222,2014,9.07,1.0e-04,2.313e-01
223,2023,9.07,1.0e-04,3.827e-01
224,2031,9.07,1.0e-04,3.401e-01
225,2041,9.07,1.0e-04,1.401e-01
226,2050,9.07,1.0e-04,3.333e-01
227,2059,9.07,1.0e-04,2.371e-01
228,2068,9.07,1.0e-04,5.311e-01
229,2076,9.07,1.0e-04,3.383e-01
230,2085,9.07,1.0e-04,1.524e-01
231,2094,9.07,1.0e-04,2.561e-01
232,2103,9.07,1.0e-04,3.264e-01
233,2112,9.07,1.0e-04,4.605e-01
234,2122,9.07,1.0e-04,1.835e-01
235,2130,9.07,1.0e-04,4.708e-01
236,2139,9.07,1.0e-04,4.317e-01
237,2148,9.07,1.0e-04,3.541e-01
238,2157,9.07,1.0e-04,2.217e-01
239,2167,9.07,1.0e-04,2.059e-01
240,2176,9.07,1.0e-04,2.086e-01
241,2185,9.07,1.0e-04,4.231e-01
242,2194,9.07,1.0e-04,3.810e-01
243,2203,9.07,1.0e-04,2.508e-01
244,2212,9.07,1.0e-04,1.702e-01
245,2221,9.07,1.0e-04,1.616e-01
246,2230,9.07,1.0e-04,4.191e-01
247,2239,9.07,1.0e-04,3.668e-01
248,2248,9.07,1.0e-04,1.282e-01
249,2257,9.07,1.0e-04,2.161e-01
250,2266,9.07,1.0e-04,3.479e-01
251,2275,9.07,1.0e-04,3.554e-01
252,2284,9.07,1.0e-04,3.023e-01
253,2293,9.07,1.0e-04,1.410e-01
254,2302,9.06,1.0e-04,3.194e-01
255,2311,9.07,1.0e-04,2.407e-01
256,2320,9.07,1.0e-04,2.189e-01
257,2329,9.07,1.0e-04,3.065e-01
258,2338,9.06,1.0e-04,1.563e-01
259,2347,9.07,1.0e-04,3.798e-01
260,2357,9.07,1.0e-04,2.312e-01
261,2366,9.07,1.0e-04,4.517e-01
262,2375,9.07,1.0e-04,2.809e-01
263,2384,9.06,1.0e-04,2.294e-01
264,2393,9.07,1.0e-04,1.432e-01
265,2402,9.06,1.0e-04,5.461e-01
266,2411,9.06,1.0e-04,1.836e-01
267,2421,9.07,1.0e-04,2.713e-01
268,2430,9.07,1.0e-04,3.604e-01
269,2439,9.07,1.0e-04,4.590e-01
270,2448,9.07,1.0e-04,2.458e-01
271,2457,9.07,1.0e-04,2.718e-01
272,2466,9.07,1.0e-04,3.444e-01
273,2475,9.07,1.0e-04,2.131e-01
274,2484,9.07,1.0e-04,2.536e-01
275,2493,9.07,1.0e-04,3.295e-01
276,2502,9.07,1.0e-04,1.951e-01
277,2511,9.07,1.0e-04,4.817e-01
278,2520,9.07,1.0e-04,2.706e-01
279,2530,9.07,1.0e-04,1.604e-01
280,2539,9.07,1.0e-04,3.993e-01
281,2549,9.07,1.0e-04,4.186e-01
282,2558,9.07,1.0e-04,1.231e-01
283,2567,9.07,1.0e-04,3.331e-01
284,2576,9.07,1.0e-04,1.457e-01
285,2585,9.07,1.0e-04,4.051e-01
286,2594,9.07,1.0e-04,3.416e-01
287,2603,9.07,1.0e-04,2.410e-01
288,2612,9.07,1.0e-04,1.672e-01
289,2621,9.07,1.0e-04,3.729e-01
290,2630,9.07,1.0e-04,2.460e-01
291,2639,9.07,1.0e-04,2.964e-01
292,2648,9.07,1.0e-04,1.648e-01
293,2656,9.07,1.0e-04,3.654e-01
294,2666,9.07,1.0e-04,2.750e-01
295,2675,9.07,1.0e-04,2.993e-01
296,2684,9.07,1.0e-04,4.577e-01
297,2693,9.07,1.0e-04,1.980e-01
298,2702,9.07,1.0e-04,3.212e-01
299,2711,9.07,1.0e-04,4.023e-01
300,2721,9.07,1.0e-04,4.865e-01
301,2729,9.07,1.0e-04,1.977e-01
302,2738,9.07,1.0e-04,4.713e-01
303,2747,9.07,1.0e-04,2.271e-01
304,2756,9.07,1.0e-04,5.025e-01
305,2765,9.07,1.0e-04,1.937e-01
306,2774,9.07,1.0e-04,2.591e-01
307,2783,9.07,1.0e-04,3.653e-01
308,2792,9.07,1.0e-04,1.754e-01
309,2801,9.07,1.0e-04,4.072e-01
310,2810,9.07,1.0e-04,3.373e-01
311,2819,9.06,1.0e-04,2.699e-01
312,2828,9.06,1.0e-04,1.577e-01
313,2837,9.06,1.0e-04,3.595e-01
314,2846,9.07,1.0e-04,4.133e-01
315,2855,9.07,1.0e-04,4.509e-01
316,2864,9.06,1.0e-04,3.119e-01
317,2873,9.06,1.0e-04,1.702e-01
318,2882,9.06,1.0e-04,2.965e-01
319,2891,9.06,1.0e-04,2.366e-01
320,2899,9.06,1.0e-04,1.681e-01
321,2908,9.06,1.0e-04,2.415e-01
322,2917,9.06,1.0e-04,3.143e-01
323,2927,9.06,1.0e-04,5.397e-01
324,2936,9.06,1.0e-04,1.397e-01
325,2945,9.06,1.0e-04,2.542e-01
326,2954,9.06,1.0e-04,4.111e-01
327,2963,9.06,1.0e-04,1.506e-01
328,2972,9.06,1.0e-04,4.483e-01
329,2981,9.06,1.0e-04,2.122e-01
330,2990,9.06,1.0e-04,2.229e-01
331,2999,9.06,1.0e-04,3.918e-01
332,3008,9.06,1.0e-04,3.302e-01
333,3017,9.06,1.0e-04,2.422e-01
334,3026,9.06,1.0e-04,3.729e-01
335,3035,9.06,1.0e-04,2.117e-01
336,3043,9.06,1.0e-04,2.130e-01
337,3052,9.06,1.0e-04,4.185e-01
338,3062,9.06,1.0e-04,1.769e-01
339,3071,9.06,1.0e-04,1.364e-01
340,3080,9.06,1.0e-04,1.534e-01
341,3089,9.06,1.0e-04,3.571e-01
342,3098,9.06,1.0e-04,4.198e-01
343,3107,9.06,1.0e-04,2.809e-01
344,3116,9.06,1.0e-04,1.417e-01
345,3125,9.06,1.0e-04,2.957e-01
346,3134,9.06,1.0e-04,4.258e-01
347,3143,9.06,1.0e-04,2.901e-01
348,3151,9.06,1.0e-04,3.476e-01
349,3160,9.06,1.0e-04,4.016e-01
350,3168,9.05,1.0e-04,3.472e-01
351,3177,9.05,1.0e-04,2.660e-01
352,3186,9.05,1.0e-04,5.007e-01
353,3195,9.05,1.0e-04,2.001e-01
354,3204,9.05,1.0e-04,2.331e-01
355,3213,9.05,1.0e-04,1.741e-01
356,3223,9.05,1.0e-04,2.147e-01
357,3231,9.05,1.0e-04,3.256e-01
358,3240,9.05,1.0e-04,3.876e-01
359,3249,9.05,1.0e-04,3.728e-01
360,3258,9.05,1.0e-04,1.540e-01
361,3267,9.05,1.0e-04,2.966e-01
362,3276,9.05,1.0e-04,2.385e-01
363,3284,9.05,1.0e-04,1.472e-01
364,3293,9.05,1.0e-04,2.526e-01
365,3302,9.05,1.0e-04,2.347e-01
366,3312,9.05,1.0e-04,2.735e-01
367,3321,9.05,1.0e-04,3.740e-01
368,3329,9.05,1.0e-04,3.027e-01
369,3338,9.05,1.0e-04,2.333e-01
370,3347,9.05,1.0e-04,4.273e-01
371,3356,9.05,1.0e-04,3.977e-01
372,3365,9.05,1.0e-04,2.630e-01
373,3374,9.05,1.0e-04,2.894e-01
374,3383,9.05,1.0e-04,4.467e-01
375,3392,9.05,1.0e-04,1.635e-01
376,3400,9.04,1.0e-04,3.898e-01
377,3409,9.04,1.0e-04,2.727e-01
378,3418,9.04,1.0e-04,1.818e-01
379,3427,9.04,1.0e-04,1.640e-01
380,3436,9.04,1.0e-04,2.053e-01
381,3445,9.04,1.0e-04,2.670e-01
382,3454,9.04,1.0e-04,2.692e-01
383,3463,9.04,1.0e-04,1.472e-01
384,3471,9.04,1.0e-04,2.843e-01
385,3480,9.04,1.0e-04,1.666e-01
386,3489,9.04,1.0e-04,2.253e-01
387,3498,9.04,1.0e-04,3.209e-01
388,3507,9.04,1.0e-04,1.677e-01
389,3516,9.04,1.0e-04,3.328e-01
390,3526,9.04,1.0e-04,4.252e-01
391,3534,9.04,1.0e-04,4.002e-01
392,3543,9.04,1.0e-04,1.802e-01
393,3552,9.04,1.0e-04,3.133e-01
394,3561,9.04,1.0e-04,2.330e-01
395,3570,9.04,1.0e-04,1.839e-01
396,3579,9.04,1.0e-04,3.148e-01
397,3588,9.04,1.0e-04,4.275e-01
398,3597,9.04,1.0e-04,2.724e-01
399,3605,9.04,1.0e-04,3.230e-01
400,3615,9.04,1.0e-04,2.026e-01
401,3624,9.04,1.0e-04,2.204e-01
402,3632,9.04,1.0e-04,3.069e-01
403,3642,9.04,1.0e-04,3.316e-01
404,3651,9.04,1.0e-04,4.091e-01
405,3660,9.04,1.0e-04,1.804e-01
406,3669,9.04,1.0e-04,3.034e-01
407,3679,9.04,1.0e-04,2.961e-01
408,3688,9.04,1.0e-04,2.133e-01
409,3698,9.04,1.0e-04,1.759e-01
410,3707,9.04,1.0e-04,1.578e-01
411,3716,9.04,1.0e-04,3.028e-01
412,3726,9.05,1.0e-04,3.193e-01
413,3735,9.05,1.0e-04,1.825e-01
414,3744,9.04,1.0e-04,1.792e-01
415,3753,9.05,1.0e-04,3.733e-01
416,3762,9.04,1.0e-04,1.972e-01
417,3771,9.04,1.0e-04,2.451e-01
418,3780,9.04,1.0e-04,3.669e-01
419,3789,9.04,1.0e-04,3.853e-01
420,3798,9.04,1.0e-04,4.038e-01
421,3807,9.04,1.0e-04,1.483e-01
422,3817,9.05,1.0e-04,1.346e-01
423,3827,9.05,1.0e-04,1.461e-01
424,3836,9.05,1.0e-04,1.929e-01
425,3845,9.05,1.0e-04,2.798e-01
426,3853,9.05,1.0e-04,2.859e-01
427,3863,9.05,1.0e-04,3.202e-01
428,3871,9.05,1.0e-04,1.493e-01
429,3880,9.05,1.0e-04,3.009e-01
430,3889,9.05,1.0e-04,3.316e-01
431,3898,9.04,1.0e-04,3.301e-01
432,3906,9.04,1.0e-04,2.046e-01
433,3915,9.04,1.0e-04,1.502e-01
434,3924,9.04,1.0e-04,4.473e-01
435,3933,9.04,1.0e-04,1.083e-01
436,3942,9.04,1.0e-04,1.651e-01
437,3951,9.04,1.0e-04,1.316e-01
438,3961,9.04,1.0e-04,1.466e-01
439,3970,9.04,1.0e-04,3.392e-01
440,3978,9.04,1.0e-04,2.054e-01
441,3988,9.04,1.0e-04,1.388e-01
442,3996,9.04,1.0e-04,3.656e-01
443,4005,9.04,1.0e-04,1.993e-01
444,4014,9.04,1.0e-04,3.988e-01
445,4023,9.04,1.0e-04,4.218e-01
446,4032,9.04,1.0e-04,1.757e-01
447,4041,9.04,1.0e-04,2.227e-01
448,4050,9.04,1.0e-04,3.012e-01
449,4058,9.04,1.0e-04,3.849e-01
450,4067,9.04,1.0e-04,3.830e-01
451,4076,9.04,1.0e-04,2.748e-01
452,4084,9.04,1.0e-04,3.036e-01
453,4094,9.04,1.0e-04,2.338e-01
454,4103,9.04,1.0e-04,2.023e-01
455,4112,9.04,1.0e-04,2.584e-01
456,4121,9.04,1.0e-04,1.514e-01
457,4130,9.04,1.0e-04,2.219e-01
458,4138,9.04,1.0e-04,2.021e-01
459,4147,9.04,1.0e-04,2.796e-01
460,4156,9.04,1.0e-04,2.549e-01
461,4166,9.04,1.0e-04,3.078e-01
462,4174,9.04,1.0e-04,3.200e-01
463,4184,9.04,1.0e-04,1.604e-01
464,4192,9.04,1.0e-04,2.965e-01
465,4201,9.04,1.0e-04,3.150e-01
466,4211,9.04,1.0e-04,1.334e-01
467,4220,9.04,1.0e-04,2.343e-01
468,4229,9.04,1.0e-04,3.009e-01
469,4238,9.04,1.0e-04,4.101e-01
470,4247,9.04,1.0e-04,1.652e-01
471,4256,9.04,1.0e-04,2.497e-01
472,4265,9.04,1.0e-04,1.412e-01
473,4274,9.04,1.0e-04,1.248e-01
474,4283,9.04,1.0e-04,4.071e-01
475,4292,9.04,1.0e-04,2.643e-01
476,4301,9.04,1.0e-04,2.851e-01
477,4310,9.04,1.0e-04,1.783e-01
478,4319,9.04,1.0e-04,3.073e-01
479,4328,9.04,1.0e-04,2.947e-01
480,4337,9.04,1.0e-04,2.375e-01
481,4346,9.04,1.0e-04,3.527e-01
482,4355,9.04,1.0e-04,3.135e-01
483,4364,9.04,1.0e-04,3.010e-01
484,4373,9.04,1.0e-04,2.832e-01
485,4382,9.04,1.0e-04,2.634e-01
486,4391,9.04,1.0e-04,1.290e-01
487,4399,9.03,1.0e-04,3.380e-01
488,4409,9.04,1.0e-04,4.514e-01
489,4418,9.04,1.0e-04,1.634e-01
490,4426,9.03,1.0e-04,2.585e-01
491,4435,9.03,1.0e-04,3.294e-01
492,4444,9.03,1.0e-04,1.467e-01
493,4453,9.03,1.0e-04,1.392e-01
494,4462,9.03,1.0e-04,1.463e-01
495,4471,9.03,1.0e-04,2.612e-01
496,4480,9.03,1.0e-04,3.246e-01
497,4489,9.03,1.0e-04,1.399e-01
498,4498,9.03,1.0e-04,1.258e-01
499,4507,9.03,1.0e-04,1.313e-01
500,4516,9.03,1.0e-04,1.719e-01
501,4525,9.03,1.0e-04,3.333e-01
502,4534,9.03,1.0e-04,4.483e-01
503,4543,9.03,1.0e-04,3.268e-01
504,4553,9.03,1.0e-04,3.392e-01
505,4562,9.03,1.0e-04,2.274e-01
506,4571,9.03,1.0e-04,1.615e-01
507,4580,9.03,1.0e-04,3.142e-01
508,4590,9.04,1.0e-04,1.348e-01
509,4598,9.04,1.0e-04,3.046e-01
510,4608,9.04,1.0e-04,1.742e-01
511,4617,9.04,1.0e-04,3.375e-01
512,4626,9.04,1.0e-04,1.749e-01
513,4636,9.04,1.0e-04,2.340e-01
514,4645,9.04,1.0e-04,4.681e-01
515,4654,9.04,1.0e-04,3.406e-01
516,4663,9.04,1.0e-04,3.889e-01
517,4672,9.04,1.0e-04,4.850e-01
518,4681,9.04,1.0e-04,1.254e-01
519,4690,9.04,1.0e-04,2.727e-01
520,4699,9.04,1.0e-04,1.517e-01
521,4708,9.04,1.0e-04,2.265e-01
522,4718,9.04,1.0e-04,2.263e-01
523,4727,9.04,1.0e-04,1.639e-01
524,4736,9.04,1.0e-04,1.550e-01
525,4745,9.04,1.0e-04,3.600e-01
526,4753,9.04,1.0e-04,2.077e-01
527,4762,9.04,1.0e-04,2.672e-01
528,4772,9.04,1.0e-04,3.133e-01
529,4781,9.04,1.0e-04,1.389e-01
530,4790,9.04,1.0e-04,2.218e-01
531,4799,9.04,1.0e-04,4.170e-01
532,4808,9.04,1.0e-04,2.910e-01
533,4817,9.04,1.0e-04,3.270e-01
534,4826,9.04,1.0e-04,3.885e-01
535,4835,9.04,1.0e-04,1.703e-01
536,4844,9.04,1.0e-04,3.080e-01
537,4853,9.04,1.0e-04,3.773e-01
538,4862,9.04,1.0e-04,1.951e-01
539,4871,9.04,1.0e-04,1.985e-01
540,4880,9.04,1.0e-04,2.858e-01
541,4889,9.04,1.0e-04,3.953e-01
542,4898,9.04,1.0e-04,1.745e-01
543,4907,9.04,1.0e-04,2.745e-01
544,4916,9.04,1.0e-04,2.574e-01
545,4925,9.04,1.0e-04,2.882e-01
546,4934,9.04,1.0e-04,2.343e-01
547,4943,9.04,1.0e-04,1.990e-01
548,4952,9.04,1.0e-04,2.625e-01
549,4961,9.04,1.0e-04,3.811e-01
550,4970,9.04,1.0e-04,1.630e-01
551,4979,9.04,1.0e-04,1.764e-01
552,4988,9.04,1.0e-04,3.585e-01
553,4997,9.04,1.0e-04,1.324e-01
554,5006,9.04,1.0e-04,2.429e-01
555,5016,9.04,1.0e-04,1.331e-01
556,5025,9.04,1.0e-04,1.507e-01
557,5033,9.04,1.0e-04,3.245e-01
558,5042,9.04,1.0e-04,3.843e-01
559,5051,9.04,1.0e-04,3.596e-01
560,5061,9.04,1.0e-04,3.532e-01
561,5070,9.04,1.0e-04,2.952e-01
562,5079,9.04,1.0e-04,2.073e-01
563,5088,9.04,1.0e-04,4.145e-01
564,5097,9.04,1.0e-04,3.096e-01
565,5106,9.04,1.0e-04,3.919e-01
566,5115,9.04,1.0e-04,2.543e-01
567,5125,9.04,1.0e-04,2.772e-01
568,5134,9.04,1.0e-04,1.948e-01
569,5143,9.04,1.0e-04,3.626e-01
570,5153,9.04,1.0e-04,3.441e-01
571,5162,9.04,1.0e-04,2.818e-01
572,5171,9.04,1.0e-04,2.311e-01
573,5180,9.04,1.0e-04,3.633e-01
574,5189,9.04,1.0e-04,1.547e-01
575,5198,9.04,1.0e-04,2.085e-01
576,5207,9.04,1.0e-04,1.842e-01
577,5216,9.04,1.0e-04,2.706e-01
578,5225,9.04,1.0e-04,2.445e-01
579,5234,9.04,1.0e-04,3.031e-01
580,5243,9.04,1.0e-04,3.218e-01
581,5253,9.04,1.0e-04,2.441e-01
582,5262,9.04,1.0e-04,1.048e-01
583,5271,9.04,1.0e-04,3.276e-01
584,5280,9.04,1.0e-04,2.296e-01
585,5289,9.04,1.0e-04,1.772e-01
586,5298,9.04,1.0e-04,2.755e-01
587,5307,9.04,1.0e-04,2.444e-01
588,5317,9.04,1.0e-04,2.290e-01
589,5326,9.04,1.0e-04,1.777e-01
590,5335,9.04,1.0e-04,3.161e-01
591,5344,9.04,1.0e-04,2.286e-01
592,5353,9.04,1.0e-04,3.485e-01
593,5362,9.04,1.0e-04,2.773e-01
594,5371,9.04,1.0e-04,1.914e-01
595,5380,9.04,1.0e-04,1.841e-01
596,5390,9.04,1.0e-04,1.756e-01
597,5399,9.04,1.0e-04,3.785e-01
598,5408,9.04,1.0e-04,4.030e-01
599,5417,9.04,1.0e-04,1.291e-01
600,5426,9.04,1.0e-04,2.327e-01
601,5435,9.04,1.0e-04,2.918e-01
602,5444,9.04,1.0e-04,4.342e-01
603,5453,9.04,1.0e-04,2.102e-01
604,5462,9.04,1.0e-04,3.395e-01
605,5471,9.04,1.0e-04,2.887e-01
606,5480,9.04,1.0e-04,1.612e-01
607,5489,9.04,1.0e-04,3.441e-01
608,5498,9.04,1.0e-04,1.689e-01
609,5506,9.04,1.0e-04,2.717e-01
610,5515,9.04,1.0e-04,2.646e-01
611,5525,9.04,1.0e-04,1.069e-01
612,5534,9.04,1.0e-04,1.673e-01
613,5542,9.04,1.0e-04,3.291e-01
614,5551,9.04,1.0e-04,2.779e-01
615,5560,9.04,1.0e-04,1.681e-01
616,5569,9.04,1.0e-04,2.503e-01
617,5578,9.04,1.0e-04,1.904e-01
618,5587,9.04,1.0e-04,3.667e-01
619,5596,9.04,1.0e-04,3.170e-01
620,5604,9.04,1.0e-04,2.306e-01
621,5614,9.04,1.0e-04,1.750e-01
622,5623,9.04,1.0e-04,1.945e-01
623,5632,9.04,1.0e-04,2.493e-01
624,5641,9.04,1.0e-04,3.243e-01
625,5650,9.04,1.0e-04,2.667e-01
626,5659,9.04,1.0e-04,3.316e-01
627,5668,9.04,1.0e-04,2.604e-01
628,5677,9.04,1.0e-04,2.445e-01
629,5686,9.04,1.0e-04,1.626e-01
630,5695,9.04,1.0e-04,3.316e-01
631,5704,9.04,1.0e-04,2.285e-01
632,5713,9.04,1.0e-04,1.338e-01
633,5723,9.04,1.0e-04,3.565e-01
634,5731,9.04,1.0e-04,2.509e-01
635,5740,9.04,1.0e-04,1.491e-01
636,5749,9.04,1.0e-04,2.046e-01
637,5757,9.04,1.0e-04,2.713e-01
638,5766,9.04,1.0e-04,2.892e-01
639,5775,9.04,1.0e-04,1.714e-01
640,5784,9.04,1.0e-04,3.651e-01
641,5793,9.04,1.0e-04,3.256e-01
642,5802,9.04,1.0e-04,3.160e-01
643,5811,9.04,1.0e-04,3.988e-01
644,5820,9.04,1.0e-04,2.064e-01
645,5829,9.04,1.0e-04,2.558e-01
646,5838,9.04,1.0e-04,1.706e-01
647,5846,9.04,1.0e-04,2.359e-01
648,5855,9.04,1.0e-04,1.311e-01
649,5864,9.04,1.0e-04,3.425e-01
650,5872,9.04,1.0e-04,3.078e-01
651,5881,9.04,1.0e-04,1.465e-01
652,5890,9.03,1.0e-04,1.492e-01
653,5900,9.04,1.0e-04,1.299e-01
654,5908,9.04,1.0e-04,2.079e-01
655,5918,9.04,1.0e-04,1.394e-01
656,5927,9.04,1.0e-04,1.801e-01
657,5936,9.04,1.0e-04,2.952e-01
658,5945,9.04,1.0e-04,3.013e-01
659,5954,9.04,1.0e-04,3.110e-01
660,5963,9.04,1.0e-04,1.748e-01
661,5972,9.04,1.0e-04,3.012e-01
662,5981,9.04,1.0e-04,2.434e-01
663,5990,9.03,1.0e-04,1.752e-01
664,5999,9.03,1.0e-04,1.887e-01
665,6007,9.03,1.0e-04,2.394e-01
666,6017,9.03,1.0e-04,1.373e-01
667,6026,9.04,1.0e-04,2.059e-01
668,6035,9.03,1.0e-04,2.737e-01
669,6044,9.04,1.0e-04,1.594e-01
670,6053,9.03,1.0e-04,2.657e-01
671,6062,9.03,1.0e-04,3.055e-01
672,6071,9.03,1.0e-04,2.589e-01
673,6080,9.03,1.0e-04,4.128e-01
674,6089,9.03,1.0e-04,2.536e-01
675,6098,9.03,1.0e-04,3.463e-01
676,6107,9.04,1.0e-04,1.225e-01
677,6116,9.03,1.0e-04,2.050e-01
678,6125,9.04,1.0e-04,2.128e-01
679,6134,9.04,1.0e-04,2.190e-01
680,6143,9.03,1.0e-04,1.831e-01
681,6152,9.03,1.0e-04,1.301e-01
682,6161,9.03,1.0e-04,2.281e-01
683,6170,9.03,1.0e-04,1.618e-01
684,6179,9.03,1.0e-04,3.477e-01
685,6188,9.03,1.0e-04,2.577e-01
686,6196,9.03,1.0e-04,2.743e-01
687,6205,9.03,1.0e-04,2.127e-01
688,6214,9.03,1.0e-04,1.587e-01
689,6223,9.03,1.0e-04,3.009e-01
690,6232,9.03,1.0e-04,1.918e-01
691,6241,9.03,1.0e-04,1.702e-01
692,6249,9.03,1.0e-04,2.741e-01
693,6258,9.03,1.0e-04,3.014e-01
694,6267,9.03,1.0e-04,1.441e-01
695,6276,9.03,1.0e-04,2.473e-01
696,6285,9.03,1.0e-04,2.031e-01
697,6294,9.03,1.0e-04,1.375e-01
698,6303,9.03,1.0e-04,1.371e-01
699,6312,9.03,1.0e-04,2.261e-01
700,6321,9.03,1.0e-04,2.329e-01
701,6330,9.03,1.0e-04,3.745e-01
702,6339,9.03,1.0e-04,2.750e-01
703,6347,9.03,1.0e-04,1.504e-01
704,6356,9.03,1.0e-04,2.534e-01
705,6365,9.03,1.0e-04,3.675e-01
706,6374,9.03,1.0e-04,2.702e-01
707,6383,9.03,1.0e-04,1.982e-01
708,6392,9.03,1.0e-04,1.079e-01
709,6401,9.03,1.0e-04,1.238e-01
710,6411,9.03,1.0e-04,2.474e-01
711,6420,9.03,1.0e-04,2.761e-01
712,6429,9.03,1.0e-04,2.704e-01
713,6437,9.03,1.0e-04,2.770e-01
714,6446,9.03,1.0e-04,1.268e-01
715,6455,9.03,1.0e-04,2.161e-01
716,6463,9.03,1.0e-04,3.305e-01
717,6473,9.03,1.0e-04,3.661e-01
718,6482,9.03,1.0e-04,1.977e-01
719,6490,9.03,1.0e-04,3.730e-01
720,6499,9.03,1.0e-04,2.506e-01
721,6508,9.03,1.0e-04,2.056e-01
722,6517,9.03,1.0e-04,2.421e-01
723,6527,9.03,1.0e-04,1.449e-01
724,6536,9.03,1.0e-04,1.282e-01
725,6545,9.03,1.0e-04,1.732e-01
726,6554,9.03,1.0e-04,1.409e-01
727,6563,9.03,1.0e-04,1.347e-01
728,6573,9.03,1.0e-04,1.584e-01
729,6582,9.03,1.0e-04,2.035e-01
730,6591,9.03,1.0e-04,1.420e-01
731,6600,9.03,1.0e-04,2.164e-01
732,6609,9.03,1.0e-04,2.526e-01
733,6618,9.03,1.0e-04,1.694e-01
734,6627,9.03,1.0e-04,2.847e-01
735,6636,9.03,1.0e-04,3.576e-01
736,6645,9.03,1.0e-04,3.009e-01
737,6654,9.03,1.0e-04,2.623e-01
738,6664,9.03,1.0e-04,2.660e-01
739,6673,9.03,1.0e-04,2.704e-01
740,6682,9.03,1.0e-04,2.159e-01
741,6692,9.03,1.0e-04,2.067e-01
742,6701,9.03,1.0e-04,1.310e-01
743,6711,9.03,1.0e-04,2.555e-01
744,6720,9.03,1.0e-04,1.900e-01
745,6730,9.03,1.0e-04,2.739e-01
746,6739,9.03,1.0e-04,2.647e-01
747,6748,9.03,1.0e-04,4.157e-01
748,6758,9.03,1.0e-04,3.483e-01
749,6767,9.04,1.0e-04,3.263e-01
750,6776,9.03,1.0e-04,2.659e-01
751,6785,9.04,1.0e-04,3.332e-01
752,6795,9.04,1.0e-04,1.542e-01
753,6804,9.04,1.0e-04,1.838e-01
754,6813,9.04,1.0e-04,2.357e-01
755,6822,9.04,1.0e-04,3.001e-01
756,6831,9.04,1.0e-04,2.672e-01
757,6840,9.04,1.0e-04,3.883e-01
758,6850,9.04,1.0e-04,1.804e-01
759,6858,9.04,1.0e-04,1.809e-01
760,6868,9.04,1.0e-04,3.101e-01
761,6877,9.04,1.0e-04,2.621e-01
762,6886,9.04,1.0e-04,4.287e-01
763,6895,9.04,1.0e-04,3.115e-01
764,6904,9.04,1.0e-04,2.254e-01
765,6913,9.04,1.0e-04,2.937e-01
766,6922,9.04,1.0e-04,2.845e-01
767,6931,9.04,1.0e-04,2.702e-01
768,6940,9.04,1.0e-04,2.723e-01
769,6950,9.04,1.0e-04,1.455e-01
770,6959,9.04,1.0e-04,2.228e-01
771,6968,9.04,1.0e-04,3.283e-01
772,6977,9.04,1.0e-04,2.138e-01
773,6986,9.04,1.0e-04,1.119e-01
774,6995,9.04,1.0e-04,1.992e-01
775,7004,9.04,1.0e-04,1.981e-01
776,7014,9.04,1.0e-04,1.918e-01
777,7023,9.04,1.0e-04,1.328e-01
778,7033,9.04,1.0e-04,1.734e-01
779,7042,9.04,1.0e-04,3.969e-01
780,7051,9.04,1.0e-04,1.960e-01
781,7060,9.04,1.0e-04,1.995e-01
782,7070,9.04,1.0e-04,2.710e-01
783,7079,9.04,1.0e-04,1.599e-01
784,7088,9.04,1.0e-04,1.741e-01
785,7097,9.04,1.0e-04,1.694e-01
786,7106,9.04,1.0e-04,1.433e-01
787,7115,9.04,1.0e-04,1.532e-01
788,7124,9.04,1.0e-04,1.689e-01
789,7133,9.04,1.0e-04,3.193e-01
790,7142,9.04,1.0e-04,1.998e-01
791,7151,9.04,1.0e-04,2.331e-01
792,7160,9.04,1.0e-04,4.306e-01
793,7169,9.04,1.0e-04,2.892e-01
794,7178,9.04,1.0e-04,1.893e-01
795,7188,9.04,1.0e-04,1.593e-01
796,7197,9.04,1.0e-04,1.228e-01
797,7206,9.04,1.0e-04,2.382e-01
798,7215,9.04,1.0e-04,2.258e-01
799,7215,9.03,1.0e-04,2.258e-01
